x1,x2,class
0.8276055236363227,0.1167320568734066,1
0.7582852266961022,0.7951120730096104,1
0.9300581577525829,0.2487815241218736,1
0.6974007965576219,0.6633708026120656,1
0.5185621449943242,0.06576973286110532,1
0.8454455488668958,0.09581758736867252,1
0.6263556515016517,0.12979042250892991,1
0.3045459885326012,0.5337062222033517,1
0.7258371195205375,0.6181326043412763,1
0.2899197224394312,0.9367976498039312,1
0.38878197611460996,0.17799292988526894,1
0.5706564345932637,0.7363038240304506,1
0.6997408259152403,0.8687658107947356,1
0.5458287365970941,0.5456438167773876,1
0.3304572123755898,0.5462992104810659,1
0.6735262969231602,0.46494039712919333,1
0.6755741623819028,0.3359991478456861,1
0.7504546632458055,0.35646270716089123,1
0.1316183231080491,0.19370648714065408,1
0.6558198242985446,0.9780693159677019,1
0.5266207484311604,0.7405150921162665,1
0.6761348130612385,0.8313530683298683,1
0.4788698104054139,0.20255888765010877,1
0.8026222078575427,0.5315121842630627,1
0.09237260292918603,0.48049245999859047,1
0.6736269592091926,0.7245255458990782,1
0.6417281391528656,0.9986828992809036,1
0.3154850251062169,0.05977307439340518,1
0.590611980876517,0.49218970427300535,1
0.9742902044068403,0.19384934289436762,1
0.26172901467268217,0.5981512659772191,1
0.35092767735417585,0.0394592250714646,1
0.901876986882834,0.683618675905283,1
0.3842750524350925,0.7698797870705414,1
0.012567056810072974,0.04464993461651756,1
0.3375667439497768,0.7921860962202683,1
0.6045136382855185,0.6674470742464018,1
0.6857155736000922,0.31444856701618806,1
0.7417073049020942,0.06347258714430248,1
0.006345379451981992,0.008746373048754363,1
0.9044722620293643,0.5350519343222647,1
0.5651302988218255,0.14708157950110012,1
0.9301268651825353,0.8987483260586073,1
0.4143513599755789,0.9670710203659316,1
0.5805858229516175,0.044962831636330414,1
0.4078615147186547,0.8343601454946716,1
0.8890517964164971,0.1549710053652309,1
0.7350088847460826,0.19252335077803973,1
0.6780092717234828,0.1110156381419255,1
0.5225930220173226,0.9991324138237991,1
0.2764448636415837,0.7969317855897445,1
0.7218116842975035,0.1973486598558979,1
0.18147029008445048,0.4460576836909915,1
0.7293102112398228,0.20128751785869958,1
0.11317599930794742,0.3426457933025644,1
0.1660272294885894,0.35977939331461706,1
0.10696306493151508,0.15606184594500216,1
0.8489098638630233,0.8027188197768198,1
0.9192658691584261,0.15333884274128784,1
0.5433214621466942,0.7678427013398036,1
0.5546728320503361,0.7875875022767297,1
0.8221526484183376,0.2293092066800343,1
0.7632199444442563,0.2897289806156379,1
0.2375568203294428,0.2585769714350109,1
0.8785255747323424,0.9924742696897664,1
0.6923248723344876,0.7369258380205526,1
0.9177484233481391,0.628245575665137,1
0.5234994411818464,0.40780858947364296,1
0.451504362520861,0.7998382718116327,1
0.815997403206133,0.3740550428173697,1
0.45660250774183453,0.19236453630650696,1
0.9922659077555609,0.8684238422809953,1
0.24408204676918033,0.2813381613270224,1
0.5558423600046577,0.875307650119534,1
0.8512271864813813,0.927972010229114,1
0.1912254615704383,0.036201992861534915,1
0.6444717276085239,0.47836882244493883,1
0.9490804144235896,0.3227903991061538,1
0.15611072464442055,0.5749561968256005,0
0.0011595266517419045,0.3710935242042278,1
0.5515827338084053,0.2963985053807344,1
0.4670632439680702,0.416725002909638,1
0.07815601275124606,0.9310109735796335,0
0.44897673338132615,0.35271651121216496,1
0.5713441683040613,0.703415791619285,1
0.37353233631146676,0.9963879489989359,1
0.8877861908967799,0.6852010352367156,1
0.21297431998524108,0.3998022462781817,1
0.6991586883939745,0.09704685483220254,1
0.9937990580676751,0.13931279964003496,1
0.18654374592578693,0.04014143226328948,1
0.18973220495580345,0.8326940691134398,0
0.12478829485808529,0.24699923526559786,1
0.48039926968228275,0.7803562398839391,1
0.28648288621008045,0.668515815330773,1
0.18494988304086923,0.2910435101965353,1
0.36742268007820933,0.48352038901733163,1
0.7719973937836053,0.1286596722056651,1
0.46590468264432827,0.27836496824279566,1
0.7449280664804139,0.7752225432700407,1
0.7342590274400338,0.8300595268980501,1
0.6114064236187258,0.44177516594051736,1
0.8732858449437709,0.7506110602862363,1
0.5062400353651393,0.15202617750630543,1
0.17995453047058918,0.9058328176529276,0
0.4117908150934958,0.46174870744363894,1
0.09439871974289815,0.20376979541522555,1
0.7243202287820804,0.22964831164957122,1
0.9550722269415546,0.0874293682534859,1
0.38193300108789763,0.23493767576053382,1
0.6472251771506906,0.758476191956947,1
0.16109051465973878,0.5374898846012027,1
0.15868432802469123,0.9456759110933645,0
0.05775200326056629,0.548989778761547,1
0.20755891025951334,0.39424880457336464,1
0.17201742259431296,0.8845996217333896,0
0.7162793463672653,0.5811677969611571,1
0.7261939282210195,0.799402856377363,1
0.9383829376825717,0.997147558778695,1
0.020086818819159524,0.9747383212598641,0
0.07796535447082809,0.6111046006800861,1
0.08016243984439098,0.2734448829874462,1
0.4234984525860601,0.16538025824157931,1
0.4867626866318032,0.9704334380354445,1
0.9544070865757992,0.3325407324714694,1
0.7335657008575805,0.03858685576078491,1
0.04795726895607255,0.5279526747559182,1
0.34554174497504875,0.7403482507769109,1
0.25386807193468197,0.8195535057617186,0
0.10961532652751171,0.9538638546702507,0
0.3303805063337675,0.2783664677153719,1
0.34096702946385304,0.12916921597275532,1
0.6263674613140073,0.8239664537143113,1
0.8348954295686467,0.21318331955265124,1
0.9593727740844075,0.9286896035905218,1
0.2805640424054766,0.23646082423892734,1
0.39794011284021946,0.6559436819854658,1
0.46258129730399744,0.5141658558105712,1
0.9096559480104115,0.12128306080246165,1
0.7591178395722687,0.6104404102523787,1
0.586053144163056,0.2296477802470851,1
0.7644102004567717,0.15496989186268229,1
0.22065674552200432,0.6550532189062324,1
0.7817688440389912,0.7570994994216032,1
0.609658551569656,0.6179022017711544,1
0.3972911585533073,0.49339305871580474,1
0.9110470736486265,0.9288069445516035,1
0.726553617020381,0.10010246370875753,1
0.5516707397098976,0.7411931957611785,1
0.6146426295887111,0.9876508204405801,1
0.912448822846205,0.929046170746921,1
0.2596888020788797,0.9735070682090844,0
0.0767804965337675,0.3080073874881242,1
0.37800102486617093,0.4133648337798089,1
0.11418672652108397,0.4366763721049166,1
0.7390862014000724,0.8367802455846383,1
0.39124994712218797,0.9113274331825976,0
0.24260654126913483,0.18736286200454166,1
0.24598897470820746,0.4942576070102672,1
0.46084668194910794,0.017640264809597128,1
0.9955347790450622,0.787690711914747,1
0.18097591458753326,0.17646911701926193,1
0.8774585911897298,0.3699036208626164,1
0.5794603822104085,0.3057485492732538,1
0.5391492115045179,0.06858366613119993,1
0.019621663214425045,0.5516477594835679,1
0.7283409247951595,0.08214802857258796,1
0.05614990412799592,0.15510407203590715,1
0.21755766285325862,0.1389240044041209,1
0.0948723115471174,0.05995856846997727,1
0.9338031735110986,0.7819145009603354,1
0.14178826272163558,0.05793914898993535,1
0.8947057661868505,0.8981597845313956,1
0.23361265665360453,0.17376482885180622,1
0.25388857389154895,0.8931388660416363,0
0.605418177633116,0.2864529124518894,1
0.2615169123008585,0.7085511633204133,1
0.3039105842958937,0.8482703488228676,0
0.34145854197773573,0.18176607899887975,1
0.9963968644668358,0.006493837148966453,1
0.07641243292764488,0.025566290204366293,1
0.3388559323720626,0.7940144148851513,0
0.6062806536738207,0.8882619636109675,1
0.1361103268101752,0.8324481762893569,0
0.40172425916097576,0.3040601597536431,1
0.8815847501610735,0.9551383296403325,1
0.6635576796845567,0.6362621796366507,1
0.5047679991077823,0.6252515851114308,1
0.3899474743066218,0.49699204338043235,1
0.939228289963877,0.7887303119510969,1
0.24982739110260566,0.21296292344699697,1
0.695143672060485,0.47877723372422143,1
0.26881216682361975,0.07154342341183162,1
0.6973887662746795,0.6063814691028647,1
0.9337611109002539,0.7728156569101268,1
0.5644814600009451,0.06167196105038042,1
0.7248964309643582,0.19138000648093756,1
0.33956808775345004,0.04890347756450952,1
0.7703064710122083,0.29670108278073115,1
0.6798340011685376,0.20846877473801617,1
0.029651988053703282,0.92448654368522,0
0.9312246384952455,0.9909667647451514,1
0.7544351938906847,0.450671845116122,1
0.5196842729818769,0.07756466442169041,1
0.6998380205831242,0.8518319337150552,1
0.023974223316541532,0.26850008694812233,1
0.6709706228704406,0.5297132561246285,1
0.19501065134016404,0.7074685159499533,1
0.9310073215214569,0.4267717098259167,1
0.4578083396340389,0.4220981520863145,1
0.8836611990809593,0.5310991279074657,1
0.05024517645976667,0.7460804746503572,0
0.5491208195266608,0.15577599433509615,1
0.0011065141486824581,0.4382574140844062,1
0.9695084378396479,0.5382573215334491,1
0.28490092053527094,0.12325489143079704,1
0.5876993743735728,0.3577358693590389,1
0.4743454182709289,0.8062040945628839,1
0.7206328272363642,0.46976261215227866,1
0.5409786447390625,0.7622348944242031,1
0.0002729969113808295,0.23832056750530872,1
0.6051050283771094,0.6112036943055316,1
0.021898852091147947,0.9810859093362203,0
0.8361280502665023,0.3033911889181695,1
0.457132434382596,0.31230392719247313,1
0.2159129785896683,0.929242376450311,0
0.3781872724353842,0.7526571620746394,1
0.05140814439192398,0.33617378973540457,1
0.3522266715927106,0.8473569988260461,1
0.13148812158821277,0.02315638513644036,1
0.39661246548528306,0.7149966735328781,0
0.7680001346841637,0.12043073709039309,1
0.5317255793776261,0.8954808325967067,1
0.25865800886531776,0.8909051823938126,0
0.3160518701751709,0.013279060585942859,1
0.5563984336450889,0.352587838037401,1
0.7225346018286212,0.4816844490804596,1
0.05544037907614474,0.014529946336047983,1
0.805133689073505,0.9468090386065378,1
0.6867187286212308,0.9237920757746803,1
0.15782663021769228,0.6009545729035084,0
0.943954017734409,0.4007235553423729,1
0.5674134192156421,0.5418462113719897,1
0.23195767432038017,0.5471322647505892,1
0.16195544688848507,0.679952725292689,0
0.13721267533052717,0.5938828917095365,0
0.43520032529366315,0.2687132158950619,1
0.5275288517748795,0.19718956702857415,1
0.6240023006561158,0.12097449456281462,1
0.581916664496899,0.43663132252463854,1
0.5784480580887642,0.2574066687060196,1
0.26651424755519404,0.4496362922294246,0
0.9173047928404714,0.505383675311695,1
0.2674393954981996,0.11521170872295894,1
0.6911139510432472,0.4602101656879727,1
0.7620186184747869,0.28717236649958544,1
0.7396291273972817,0.5350251784568001,1
0.581605342262752,0.6022948883903616,1
0.36229984948059546,0.49268945900642813,1
0.8054635607902615,0.3147046517260388,1
0.8110680629529567,0.46319404354921345,1
0.8091672274744859,0.32246522568024016,1
0.1770263993045862,0.09622703383893827,1
0.8464243460046477,0.834368870897295,1
0.5671891569555481,0.3149510653476475,1
0.6031995706088881,0.823856097764356,1
0.762528872822739,0.719777549867546,1
0.3696247501584693,0.26088763952988947,1
0.5567405980041807,0.998504633260657,1
0.5701234910089932,0.7819008511965919,1
0.6627049049162541,0.5754028249356357,1
0.342249102938174,0.8960351416120502,1
0.80662269927373,0.07185163871484379,1
0.6461577316637659,0.20007471621653838,1
0.3344480219365701,0.048681965825573936,1
0.3131168434803927,0.8567689559976546,1
0.9742460085644096,0.40674092812783,1
0.055722900452118584,0.8967301807324783,0
0.6334023886376612,0.8893845396764688,1
0.03812947913703513,0.23540911527881114,1
0.8204352455824606,0.33735938996975245,1
0.6500673217159261,0.5880355493098548,1
0.25071067472390063,0.5604325938010343,1
0.6147506872327289,0.7389066564174976,1
0.4794753368200456,0.41102745266930474,1
0.7324901649417486,0.24787541228313126,1
0.30244364939445956,0.7583114793618743,1
0.4823181139571371,0.325963882928073,1
0.8369585042385507,0.5746890608322115,1
0.8636340702635018,0.6793696836623597,1
0.9440884392811257,0.046084231338866855,1
0.20110384920649538,0.3973368725803186,1
0.8018988108084912,0.46843346437002475,1
0.4227578664523268,0.30053542502152175,1
0.753593158212262,0.9223096560596664,1
0.3822361405574659,0.6136238887072317,1
0.8762585228258739,0.6320647028168048,1
0.12866477484040606,0.6432797460310166,1
0.9884700386814255,0.7549340610607213,1
0.46318587807856604,0.29897618780290314,1
0.3890567046518121,0.6373552197298813,1
0.15687098785223497,0.3682994599695899,1
0.0386297161777297,0.8735134505424208,0
0.7102002591532194,0.7824210258700095,1
0.9901621575351733,0.6613659821060697,1
0.33433821475508196,0.13088869383644774,1
0.2168212301673651,0.48833453463426135,1
0.2973356416883509,0.8183072807735798,0
0.8654255485775474,0.27697054979132385,1
0.17994664423469642,0.3545116777171622,1
0.9536970259554631,0.23427714073968586,1
0.30405738395564597,0.4775857062028701,1
0.9773550594461512,0.4375576725910555,1
0.8636668160934926,0.07263670890594498,1
0.8378188605306229,0.519136798701556,1
0.637949429111418,0.04386040094061561,1
0.574311593954136,0.030662912145830168,1
0.8031593122180505,0.42912167054264183,1
0.7270384718995302,0.17291311454293268,1
0.41579218271119056,0.30637493973022245,1
0.3628845008812903,0.04045282986021148,1
0.315340507309093,0.041075505619393105,1
0.6425223595271067,0.6172050675123049,1
0.6460488628202529,0.6636815531686497,1
0.9543080386783637,0.4260283600377469,1
0.17249521976145243,0.3879280523038252,1
0.8432587373579468,0.5231893896102386,1
0.7023570058160621,0.39523789257962816,1
0.7520769814526652,0.8350340234983787,1
0.6983260757763281,0.8842185350859582,1
0.722052615822902,0.7141289862696228,1
0.9169054795945755,0.8669348935360947,1
0.1896568232749739,0.8875724665402314,0
0.3116212437732576,0.6400260374442651,1
0.04883600563673718,0.48016664829799705,0
0.5864810476853239,0.6245739303016484,1
0.39641074063016735,0.37243058303696863,1
0.6207464715754265,0.9773661080461595,1
0.34815598993919183,0.3634873310481851,1
0.9847738280399945,0.5754480093218377,1
0.6043747040350121,0.23140230450646215,1
0.35124262692803765,0.7352081439644469,1
0.3118452754923514,0.5498816581631704,1
0.5938922500972448,0.37064936001960735,1
0.7055445221203297,0.033095721577438564,1
0.5527564403191383,0.38064751880555436,1
0.3385796369169247,0.8845203422834762,1
0.8499252692033206,0.43497769469989767,1
0.7813171744050083,0.9031556569130069,1
0.612140318475003,0.13513877490410287,1
0.30911375421544063,0.1746043164095893,1
0.46750776513141223,0.6187467946448132,1
0.9441220631624684,0.2148956575161749,1
0.28611189177169016,0.29767311054126255,1
0.6342537437704686,0.14851240302860125,1
0.4904183709410117,0.03275841875038055,1
0.5599312468790715,0.2422922478708518,1
0.6371354427320584,0.7158237975251959,1
0.8187629427097866,0.33775284539999884,1
0.1663809439823012,0.5649192101735038,1
0.5757146014295266,0.8444010648638891,1
0.040207059674832624,0.8068190406594465,0
0.8934501737982717,0.45992807651992906,1
0.05522343567678634,0.26571466303629265,1
0.48430271436652184,0.30096404639894503,1
0.6806333880138162,0.8443560652206087,1
0.007507432081812593,0.4067556958324883,1
0.8403201380563105,0.40259304722961076,1
0.3750012344219783,0.3511488003510489,1
0.19596820496678846,0.03433986709580861,1
0.5293077967080425,0.6435438664355541,1
0.10732558513663504,0.21224404342611536,1
0.42852595687461936,0.09424406742666169,1
0.736757061906236,0.26958609646296716,1
0.791929539169249,0.23037252007669407,1
0.6993284273184094,0.628774103247153,1
0.77080994885556,0.7713510228048965,1
0.5921121013905651,0.9335997928041474,1
0.7580026133353859,0.6785168935719161,1
0.6937316946716032,0.4689806488193524,1
0.4955027066127047,0.46144043928245726,1
0.24720474924892288,0.49413351030702857,1
0.8233868512712197,0.13687446995246422,1
0.48696163242924184,0.405446472018672,1
0.5193419508837567,0.6385636490341706,1
0.6272961119966617,0.7704655590488122,1
0.5853984181434266,0.20325673999277616,1
0.4249646352274631,0.13623047310005254,1
0.6339800815522564,0.3745624218076278,1
0.8696953593473108,0.6040011241056437,1
0.8057579012417699,0.608549917877673,1
0.3795613147000919,0.6289343547775492,0
0.23950027660563433,0.6480068161645574,1
0.24583968813892276,0.10772197763930358,1
0.31508782799988233,0.24101472151949932,1
0.804107292884008,0.8710908891269998,1
0.6616563817659261,0.3716263881968346,1
0.07348854521508608,0.1391562653645083,1
0.9038627420585738,0.9278027602411181,1
0.9857188077434379,0.5696156860333172,1
0.16498236970634528,0.5827873818298906,1
0.07182135979028059,0.12383321774436373,1
0.05564671879527472,0.1806142276994569,1
0.06456670295459799,0.8275986899809582,0
0.39492616534504066,0.35448310576835795,1
0.3101501034040939,0.5140225748283509,1
0.02437057531035769,0.48276066238475346,1
0.7865059530356353,0.703865053008126,1
0.6116320784240451,0.8288663295757492,1
0.1402569149877243,0.7642030186538658,0
0.412996542998594,0.02557981383949215,1
0.137647740601903,0.10588886048677038,1
0.08764140181846725,0.5023772138152671,1
0.33025910688094884,0.5697867672701781,1
0.6878312422705384,0.8412406106721637,1
0.13823822510927464,0.1191253832368866,1
0.7187793157133661,0.8978739623869584,1
0.9990301669346916,0.16952080900145805,1
0.0310820357410031,0.5836261554590423,0
0.25940936480821053,0.6193525517957569,1
0.6970815472886572,0.2287121780775131,1
0.23279929971359348,0.23859696160007526,1
0.9256201932848538,0.9640166908595653,1
0.5928604186761703,0.9991585841691217,0
0.7189529870270931,0.8043290903650336,1
0.14791687210675297,0.06471981772194746,1
0.29931656796994066,0.12161767578029947,1
0.8634885603423262,0.14167567521345203,1
0.35759053339186,0.9443526675711548,1
0.648159661468039,0.09567548044611707,1
0.07030759234450712,0.52223339574671,1
0.4031032900258702,0.818436718556097,1
0.5824541018644194,0.3270769429187509,1
0.18723160381208837,0.9959494236135081,0
0.9437959057752391,0.7667190868479015,1
0.11044983823423471,0.3042437651773152,1
0.6169238311485119,0.2960814258377755,1
0.4142074460871339,0.6317309421672078,1
0.4753924911566363,0.5495726556365476,1
0.9314712623109382,0.9482077361455875,1
0.5753602880013311,0.37665446759958365,1
0.7473941168359541,0.9096573856981957,1
0.4323153741300211,0.18840182858485444,1
0.7082817515275527,0.49353442393643543,1
0.34290012148059623,0.9025401762716838,0
0.7011659516328861,0.5587774405954701,1
0.869080696410498,0.9982139972607416,1
0.17895962960985734,0.07009953293657245,1
0.324046889635745,0.6620786933962485,1
0.8532460351524236,0.6930373191399116,1
0.4435562624071232,0.6183546739430118,1
0.6188302157564212,0.6606973193495822,1
0.6983429001009077,0.07911594004726119,1
0.39840519470010816,0.30767657986670993,1
0.05416481350378999,0.1407485812287369,1
0.9304677950359769,0.05141999398044517,1
0.22499419774663987,0.5316659414709108,1
0.37625589637498924,0.11468822720193417,1
0.37333193917448315,0.7344203521321013,1
0.12179308489617524,0.29330781121702765,1
0.04410544857381238,0.38681483310527864,1
0.1831620691028446,0.18830844064562136,1
0.04754116432850508,0.1515549546872994,1
0.09046646651490686,0.034021323000487325,1
0.835784372576242,0.1545551235118393,1
0.44013246787747407,0.8062282779807707,1
0.6548739866048288,0.853989902425123,1
0.3785697542780938,0.022091929271992883,1
0.9451161769531404,0.5604640435431131,1
0.6432692783104372,0.5831842799117648,1
0.913926216495621,0.2541391484467528,1
0.1320065275715384,0.40973458182386946,1
0.2088138239229882,0.20546951363608457,1
0.6306543568017133,0.29454233594419477,1
0.6082936083994321,0.8791517849923192,1
0.4976123149054654,0.14042907453480513,1
0.5865159219752633,0.9813523979028508,1
0.15799682400564308,0.44319857485099845,1
0.9197677916148392,0.9381744145263577,1
0.40797127293959035,0.8089054980986726,1
0.9198913137481519,0.5515288608321626,1
0.09134426498957537,0.9434935650571695,0
0.48026945790616027,0.9433277597583399,1
0.6531459949657173,0.39236321837211674,1
0.29583716893732437,0.932871953568733,0
0.022219528247380826,0.4107876549331443,1
0.3787199186008402,0.807554042839764,0
0.8726633552637679,0.2812016721196471,1
0.21417920375644295,0.017215516816482923,1
0.5930373574120936,0.05398353164123326,1
0.602633030094833,0.8445129747355704,1
0.7354983119254157,0.5838772583222528,1
0.4005393170503121,0.18102483692498605,1
0.8409749202321063,0.793172560201799,1
0.21457300938050472,0.6249230248453969,0
0.4067738906778289,0.10165663138123526,1
0.5864240787933891,0.49761932550988897,1
0.3454001095350424,0.7500126050639659,1
0.05946674462810286,0.485469995797399,1
0.7361218546941095,0.8025453322836607,1
0.6467107037420466,0.7671714410761886,1
0.15521350224577812,0.7605108839893824,0
0.464424457329659,0.32008053895154376,1
0.988763819712123,0.550961948889533,1
0.20744734845651236,0.36845870884604415,1
0.7094530507459589,0.07700386300221529,1
0.6046259954093911,0.4711682990512951,1
0.839941214627617,0.17913394900194501,1
0.5981188931927356,0.3476825888584475,1
0.4591676341963903,0.9682463441621363,0
0.569073666703166,0.21382109178405306,1
0.18555122788666745,0.8751429919226411,0
0.5623413177792591,0.45692499793653263,1
0.7105938464641149,0.47093667991265187,1
0.998143161959918,0.8348705587808218,1
0.5266155146863073,0.07734106053986134,1
0.7849804400549867,0.6170718766315644,1
0.6120955802091628,0.29068426110374523,1
0.7741292051452983,0.07847800539605021,1
0.7882113302126533,0.6912876184759077,1
0.21120642416152147,0.8394978717713779,0
0.6568803501813298,0.34648540331909095,1
0.7146526394745405,0.4536464341668772,1
0.3372702519512424,0.27790086753660137,1
0.25305097792671427,0.3590574940514062,1
0.7641455241440596,0.05795144412734743,1
0.6275168486111394,0.6086547682687307,1
0.7866403075675272,0.49595209054027356,1
0.8218085741410527,0.8034142241698138,1
0.8425897976915498,0.5122904884188172,1
0.9222982094415988,0.8486735817611069,1
0.5772692928660453,0.758450669717431,1
0.8861659236467049,0.09550220388286679,1
0.08817566960000367,0.5725809010107111,0
0.2965306372917479,0.11671203941832564,1
0.5911116628027197,0.8712656934466269,1
0.33406312609603406,0.17380945752087995,1
0.12297709054738182,0.18587842301068813,1
0.5388053423616541,0.8080607189696182,1
0.5417506829890427,0.8232282902226014,0
0.3011797358933518,0.299498434072211,1
0.560054949123056,0.3292313949468889,1
0.5776078289982137,0.6032812143018579,1
0.4945833663996828,0.6893679196148766,1
0.12944104282814972,0.6841517103893294,1
0.7099020641684053,0.8937739312338471,1
0.7346508634388004,0.6904055303726864,1
0.1528190807332328,0.684830305580152,0
0.4595220781164473,0.4653094280051645,1
0.6293965087926718,0.23195194354037796,1
0.8691913830217033,0.25279832537430225,1
0.37418392825155034,0.22112725032943648,1
0.8883219963070424,0.9528923703526604,1
0.12802436485436464,0.3731131225254479,1
0.5590910136963162,0.8094211354394083,1
0.8914506170651256,0.8528042437508975,1
0.3008667645662306,0.3513075045446691,1
0.3658167208797739,0.45436052927991377,1
0.5928354248441445,0.5456482731494239,1
0.8786965100449424,0.8762585414823223,1
0.4617856304092349,0.6306240198797212,1
0.4641783787033512,0.6151865158632697,1
0.7645530322114573,0.7885715574093646,1
0.574021916218596,0.03931717247173716,1
0.20259647333809838,0.01920643344304429,1
0.8052899899658688,0.6096424734389814,1
0.8331822020086248,0.640825697978526,1
0.4427855935217728,0.9114992432041785,1
0.13827650045170514,0.5179614053763775,1
0.20539880847144376,0.8272812053264894,0
0.11687079112346466,0.9778114501159555,0
0.31470602536781433,0.3975522967192787,1
0.6230691778621278,0.8517231187459111,1
0.1368229281488339,0.2951448242071556,1
0.900504298709491,0.14736352574089662,1
0.39007795856106253,0.45582677537933236,1
0.1648615669296002,0.6560023398765591,0
0.8407951688117768,0.7501788700785839,1
0.2670915988635022,0.48401307031550034,1
0.7201331120058801,0.7622252199788884,1
0.4663664416147856,0.8586721186548473,1
0.9859358448179485,0.0688303781686419,1
0.2837580744308702,0.5082096418656746,1
0.20290715728856445,0.7084173433105188,1
0.10255371101451227,0.8418410506866557,0
0.2478611513045912,0.5115462468446536,1
0.6430784144505625,0.6589183639770471,1
0.612904335734317,0.23826548404489079,1
0.2346302652027169,0.17173836842508294,1
0.7865719737093334,0.7080572335461173,1
0.3655837985503071,0.23315302134324234,1
0.49421444257214364,0.32059532361372844,1
0.7646376249180723,0.9320069003422305,1
0.7587418302949335,0.7596004058361313,0
0.6338221741928344,0.23941096239849524,1
0.2149512771784149,0.965880478224869,0
0.09039269138555306,0.14259957119441058,1
0.5222065554983755,0.7264720326198708,1
0.5103413183365696,0.2939271104480128,1
0.36573308630029755,0.95529237433678,0
0.6809343463475798,0.7762741502911366,1
0.8084318682124076,0.6944445116558104,1
0.07126838328553453,0.054473301764419446,1
0.7489379773547735,0.27339156516164276,1
0.9646132052443073,0.6752317939157368,1
0.3422611368984134,0.7628251960960589,1
0.44927660501233824,0.22592865924387961,1
0.46157404831642534,0.5625815347536877,1
0.2754008512873142,0.8288812635457404,1
0.39891698955348354,0.08481588089659942,1
0.3744872214760375,0.43916279206389497,1
0.8127699404778873,0.8329383128813793,1
0.8901886290592298,0.14151854758230065,1
0.3862315010735271,0.5520015484690302,1
0.0878594945246548,0.13580783801353813,1
0.10087296021292347,0.02971547034475408,1
0.5600616978497591,0.028975078060217485,1
0.22243113358111166,0.6936253447093806,1
0.8379432027106873,0.7086245673568912,1
0.9661264019117578,0.789829669796002,1
0.9741425319731765,0.72125062838876,1
0.9630761654609535,0.13200513187017193,1
0.08866443859913165,0.8555700882475652,0
0.5015534961346264,0.80241551928453,1
0.5457305565710764,0.23263852125515516,1
0.3125322166736487,0.30400780171963904,1
0.9466089662433398,0.6138188657238065,1
0.6048174608946547,0.8386258829917955,1
0.662371912676809,0.22078365668856903,1
0.9828573663712089,0.9951861728716923,1
0.27812561865078766,0.11784914658850143,1
0.5071997067143102,0.9270589672344354,1
0.506162408595354,0.7921660273741322,1
0.8624587336874433,0.1015822386660803,1
0.33481430330500617,0.80288898253626,1
0.08167132924050213,0.4990679521771485,1
0.09332100409379374,0.33954366568658634,1
0.3114767840546715,0.6414080382952134,1
0.7062308991129779,0.5001789439039936,1
0.6635493939489984,0.14405498435749642,1
0.028936716788947825,0.4125555854111732,0
0.846292552210415,0.8581193485634508,1
0.11802288136990002,0.2030490553141211,1
0.924239178584126,0.9863045081104007,1
0.9107123359941158,0.8414453404669142,1
0.08730463840352953,0.2832758758301718,0
0.7298532222587758,0.6503983883894022,1
0.9111659078558509,0.9803255203987989,1
0.4929763578948759,0.7785483079447434,1
0.20463276848262446,0.8295060809631393,0
0.6702878253158037,0.6081618515572975,1
0.6093354428154197,0.32488329348360523,1
0.9031476546137511,0.7235331771271432,1
0.8606587715744983,0.0008704318614101147,1
0.02317343115052295,0.4979605040329561,1
0.5734200511509507,0.8613364301385247,1
0.623574415405246,0.9695041798161185,0
0.7889673571481087,0.7782128049479579,1
0.6967360488503226,0.2206696099885549,1
0.7239011823697772,0.5323995401382146,1
0.30693043772208384,0.33500630047329605,1
0.6055430269933763,0.1915394788595597,1
0.8719646356008922,0.18545808441024314,1
0.37289580254939847,0.6784983526132616,1
0.3174262210654889,0.9006100468217977,0
0.8505735629943797,0.8332003777341113,1
0.9748829506801243,0.5896621514133391,1
0.02373256371756416,0.7277561432360864,0
0.14724971410402077,0.04885379087753039,1
0.41159779134503927,0.22577391231819666,1
0.8302862020605204,0.033320163008779935,1
0.012816598923362732,0.21841182962937222,1
0.8919330177255879,0.38503432111145175,1
0.16199605686369967,0.5367739892530826,1
0.20041425752934228,0.14198143432395416,1
0.566123745006523,0.526073391656606,1
0.8613983829031951,0.7081920185502062,1
0.9217745035418272,0.46704510588841486,1
0.053085050423217206,0.5461430091048042,1
0.4789615091179208,0.6940928413941864,1
0.09176592119880789,0.22186129190839443,1
0.33013448310266835,0.8263615649209612,0
0.7136707209653517,0.5002611475360499,1
0.6394620525298077,0.8366771752661494,1
0.5001559250262236,0.5115038695238285,1
0.5118027006268295,0.1382945164943521,1
0.7300012857462884,0.16212761055393343,1
0.2217005457185166,0.803394424868592,1
0.1729693619245034,0.2991388341658584,1
0.0015752552254376662,0.13177612173034536,1
0.7217082697381543,0.411741220870135,1
0.6664074202408674,0.6475242385550098,1
0.5396142738569023,0.5004960669271683,1
0.852804728665551,0.1600717504382907,1
0.04290312502638527,0.03919960102942566,1
0.13484738120402495,0.9900317787706693,0
0.2714429783891068,0.4084197747577225,1
0.5500914049586259,0.5361001692892252,1
0.2747543408833242,0.8934210024493641,1
0.9308570299678556,0.016711248155872327,1
0.4807173775067931,0.1721774556668949,1
0.23464804046715992,0.43974582493187153,1
0.3688799655058336,0.7056265851748932,1
0.19565639140352153,0.2103887333272273,1
0.45483224608289763,0.07733857306519198,1
0.1665349453649272,0.25371482302045,1
0.858643897629781,0.6587772698646452,1
0.07005993598474947,0.982646828652835,0
0.06624649696214435,0.4834132949217246,1
0.4584490168523342,0.3445023236873296,1
0.6980253532976799,0.012736715881967675,1
0.6434765467091897,0.9154684453716831,1
0.13295914513820406,0.3224885530591194,1
0.5676829650240112,0.04008104573459448,1
0.05175937436058575,0.3247498184672344,1
0.38861036964934004,0.43553728901237887,1
0.9247204668973187,0.45227874381266775,1
0.4562677349000409,0.6643946459940834,1
0.5345314802412469,0.08628086407994195,1
0.8347723181303459,0.5557602672845493,1
0.5577264980158524,0.02305319181161314,1
0.23582225903064724,0.6187946031880402,1
0.4610586825598334,0.6734575872915056,1
0.00852620278263938,0.32818277797309214,0
0.3310939264510563,0.6369942676158762,0
0.9417196654874471,0.2882937283986773,1
0.7863879818858086,0.7418281120153166,1
0.7615162989985553,0.3353718580532117,1
0.6388498224394836,0.5660716652826753,1
0.483010666204882,0.2975053734478966,1
0.8212075312992604,0.6384403946581404,1
0.30045751096482853,0.22672949245633767,1
0.6810026437092227,0.35515926211898574,1
0.45457346179624114,0.9328267102952339,0
0.5850275973087001,0.7785868306716182,1
0.3118210076008515,0.12277045560422983,1
0.06550279066475073,0.14766795311626169,1
0.2623885149563555,0.6870047887443531,1
0.0251319885047947,0.9268074557834748,0
0.34194578148459365,0.44538336533397505,1
0.4401648286945897,0.29882677195583285,1
0.4319201221235909,0.11862401310233539,1
0.7232893916511363,0.8145698212382986,1
0.48490986619504306,0.06212602594340999,1
0.12652718752006187,0.671438878782786,0
0.7816062177140826,0.955550276851664,1
0.07794055207911044,0.6546592994967152,0
0.6882093622099703,0.46630283462262656,1
0.7756974169297313,0.8614642299460185,1
0.05822453806610273,0.25528715576658867,1
0.2502940614462371,0.06829461283778171,1
0.6076073393529493,0.43601659696069883,1
0.09983072678908123,0.5848552311238462,1
0.38478614073410833,0.7464639333934507,0
0.7757460131360395,0.47029514129354755,1
0.953713508398067,0.785066063929299,1
0.012742492241978876,0.15290014282561337,1
0.7286708478132737,0.9504919984660761,1
0.8628442260676796,0.8702735219973917,1
0.02795645196863905,0.766345815952398,0
0.5520981299686543,0.5749139109929517,1
0.049169486963684284,0.7231413587631009,1
0.8337607176126002,0.878517229186986,1
0.577916557177106,0.6854923463516943,1
0.2554606893302376,0.9096998051087101,0
0.005965431671805188,0.1561042153360298,1
0.4389453872027592,0.887555983245931,1
0.7532497464897293,0.9978846541551515,1
0.7778205584356874,0.9518089282577422,1
0.1833819761503711,0.39128382275246754,1
0.7194822164953262,0.08713382908294975,1
0.9242598920197256,0.751476191247464,1
0.8162943704083115,0.696407989610082,1
0.26474867376151934,0.5836086260179435,1
0.7889964625092064,0.6752570657675109,1
0.7827270867123787,0.3335564522674078,1
0.33448925774972504,0.7045974487811624,1
0.18567370043173947,0.182582103130706,1
0.016447330544970717,0.20566715051618212,1
0.9759803119446718,0.19667123292612276,1
0.5595161526480319,0.21181626447709279,1
0.22762355049566096,0.6302942625979739,1
0.33513589428073465,0.2776890148711817,1
0.38058619855921605,0.8398509541703643,1
0.6643476313162376,0.325778342931869,1
0.06354890839322103,0.7912467034559366,0
0.3338650241817932,0.4124715327307922,1
0.1544238889927907,0.9645033668569961,0
0.1411421102079814,0.21349004484232426,1
0.08682475413598478,0.9359597345458008,0
0.3200381359568877,0.013421568716262544,1
0.2291560234863167,0.875990874274923,0
0.7100754526328764,0.43423400301244053,1
0.290310698611948,0.7782115354274716,1
0.6062517877940258,0.3367964536777128,1
0.16683734854338184,0.45814658481019577,1
0.11917123777157179,0.6689057024453186,0
0.25493556564649344,0.418193713397362,1
0.4755619328539077,0.05505857747707632,1
0.5366143278441724,0.10672686548803745,1
0.3873665240351585,0.791514872017265,1
0.3526233505842389,0.5973841465113238,1
0.64570971651809,0.8658047526306287,1
0.600989625615572,0.3097505692864624,1
0.5027436693159726,0.47185968815911417,1
0.47355022392298673,0.14797882508445726,1
0.2800385033831827,0.8879663445325908,0
0.9299895417155878,0.06034898591055682,1
0.35323073561846385,0.09724285846468961,1
0.6328428192814577,0.9043039789202342,1
0.7728312122715226,0.2604362950947562,1
0.745647283020522,0.9031655085920726,1
0.42200040316566145,0.6299753864495379,1
0.14808371724498037,0.6723279653459636,0
0.27155238501168666,0.2622656491960387,1
0.1716645087615266,0.6202673348418756,1
0.7749747481352864,0.7114140962936442,1
0.7371411422926389,0.5874346954356944,1
0.39635388994125553,0.29618858333582176,1
0.9559180639201501,0.2133291742525436,1
0.6930589214435978,0.06079621544743985,1
0.07022732129697162,0.2704693908012249,1
0.16546919389097547,0.7308489286436665,0
0.059311736064783904,0.27843578073973363,1
0.7847108072690455,0.2939500679668513,1
0.7287799542272656,0.3949994548374791,1
0.1910759026278901,0.9206018085665981,0
0.22778718250468977,0.44158533854252324,1
0.27557895663783594,0.05242554962354573,1
0.22334916243640923,0.8195657746777676,0
0.823621084215728,0.24554978426863028,1
0.01045490283739181,0.6105133634332859,0
0.6350106442176469,0.5558292601777979,1
0.6376837745179366,0.6059543267585578,1
0.5552212346700652,0.9612717333064686,0
0.8650084234732992,0.6640626227445277,1
0.9899806332489263,0.8240088673736328,1
0.7193365885371197,0.3137318910694734,1
0.5346414593555213,0.7249476434811719,1
0.7833801327390414,0.42942856720624667,1
0.23933371762333633,0.08627547131409974,1
0.09677817337990546,0.5626576022249223,1
0.05244032636587903,0.18437793481154263,1
0.2378818958997876,0.9526748596435654,0
0.07053516601670295,0.35280088296942813,1
0.08038285017570135,0.5636740897036555,0
0.27601364480215373,0.516140127999032,1
0.7969407632233654,0.9008641010857666,1
0.8924995841500876,0.8885151704116864,1
0.7139085437254871,0.31808224359298687,1
0.19429539996057388,0.7227138296293135,0
0.5917550002605725,0.9257072037051457,1
0.10425825823805424,0.35740585546399295,0
0.7056995443801303,0.763421997258701,1
0.8527148301811162,0.6508688047412489,1
0.7705656093985528,0.10400217354041352,1
0.6994837891306737,0.37549049770105436,1
0.3391379258788676,0.5972468015783003,1
0.03174889964421901,0.7872057784483896,0
0.7909547789309191,0.6371545233808623,1
0.24529983572601366,0.08629329999311863,1
0.7364842712263824,0.7615490033634196,1
0.8018891412108189,0.7815077686979702,1
0.2687178202207946,0.856452134846206,0
0.8935506673893056,0.5149185944779631,1
0.5825788556635747,0.4254960114151074,1
0.6916623956553664,0.9659437456934299,1
0.6844213539470984,0.33122573438556546,1
0.46231895552483115,0.7759228983428377,1
0.9599825815107745,0.8240827961749349,1
0.8141429811673234,0.4846004263891578,1
0.5780520729034466,0.5448679675467829,1
0.04561249219564956,0.27741245427544203,1
0.14251822911631462,0.09737299156617629,1
0.6096668765672011,0.7549582853568069,1
0.7068676172216475,0.33208454194858594,1
0.44333521703000023,0.30405607545730207,1
0.5331027804539409,0.23036477489633933,1
0.21994620749318794,0.0640866570991776,1
0.28169892512143435,0.536515498658207,1
0.9528319212670693,0.9941251264360168,1
0.2534436915492161,0.8640077712184271,1
0.41441048407876846,0.8095039733080278,1
0.24940824297573794,0.5173474118603762,1
0.5546585996456775,0.0652497668644143,1
0.6517126753872801,0.45389739637094706,1
0.5299077510530411,0.08295187848760843,1
0.4828451925182372,0.507089218152386,1
0.04205338756964205,0.30411961516465835,1
0.24898978516155412,0.8095151100873897,0
0.8051178926016735,0.40052831998452554,1
0.9462061279443043,0.1762773880934223,1
0.8662234316820288,0.4187880957941159,1
0.32457349305674377,0.17338110392616757,1
0.5936612168285146,0.6321925771776723,1
0.4016439554023221,0.17000015186798823,1
0.051205824484633955,0.9980316335825847,0
0.13236867841668953,0.10202829004498193,1
0.20307097226124926,0.6318178469206759,1
0.5286121927575826,0.540666899110207,1
0.46624996339765523,0.7488508355593466,1
0.578301891248676,0.5263900497381732,1
0.5576576614050335,0.6218218916503411,1
0.40694208248973884,0.17182312088744878,1
0.06552653578444179,0.3768833027137015,1
0.6421042580875445,0.17364186615942545,1
0.5558569208849938,0.9164216498705138,1
0.6263673252787701,0.24389241442525822,1
0.8635848445824795,0.9654854413315896,1
0.6522960546098932,0.6258566300041212,1
0.657574741124895,0.9498924596354893,0
0.3597052930944352,0.5785582630470617,1
0.517833451107515,0.03243162311405101,1
0.7727861802099596,0.8971067254844747,1
0.1459844048647274,0.9225533422504854,0
0.3770706519461101,0.993658624259412,0
0.510287727782683,0.007246342121321692,1
0.11160856057370117,0.7168511764318124,0
0.17461201186787645,0.3416347884655445,1
0.5339227875098885,0.7952068169706747,1
0.27835221303316127,0.9532362164178919,0
0.9754116981216266,0.8714646130802245,1
0.5447269304729755,0.10958802001729673,1
0.6260762541016648,0.08922988371019702,1
0.7574402347457325,0.10294620514821518,1
0.7276916913184811,0.10566703434360691,1
0.11915346353729062,0.4403821196514859,1
0.9964557934517316,0.02027203575787273,1
0.4014902700938269,0.4673895753710948,1
0.7609147552502795,0.28847867836729213,1
0.9163196692724961,0.8416736595175811,1
0.12391403515839783,0.8829429380765433,0
0.7767084123670553,0.7426873007049385,1
0.3988980607382949,0.4811872799847188,1
0.0661314713251987,0.3706948053292126,1
0.44751840644157403,0.15668763507631112,1
0.9689318470109731,0.5812935650892923,1
0.27821128573455656,0.5529146966102699,1
0.5735748434622424,0.1905674326582646,1
0.187280946912048,0.3616864520422095,1
0.1724466053813467,0.7170517046095737,0
0.6962930099717027,0.7905933271548353,1
0.9988223972378673,0.9876886158364144,1
0.07492094936371752,0.3355762933487145,1
0.9879510879097869,0.23135618402989067,1
0.6590265588301472,0.9244257683936914,1
0.05026743599932004,0.7095728988572487,1
0.22611434768700167,0.39202208274737793,1
0.5841257646029921,0.5851889386041599,1
0.49772567771282106,0.7821013703605214,1
0.9684762078220309,0.1764096395426017,1
0.5836581634565187,0.9743297753201583,0
0.7397865313223867,0.5830063721225851,1
0.7292358387527904,0.7686716580203932,1
0.64924183895312,0.9998847700422974,1
0.8623378405703722,0.5891548958441282,1
0.9487648870065599,0.1659586118915205,1
0.7456629805536853,0.569558545147629,1
0.12427037127797802,0.9454950333623304,0
0.6746195387657583,0.6942329733675937,1
0.4991171045489514,0.9234377398740115,1
0.9091373225605243,0.6487164558337207,1
0.44835674582394747,0.7217968123306084,1
0.22923141176717288,0.8131918578786007,0
0.7912174932576644,0.15671907285264697,1
0.34079371796589253,0.5764102104970259,1
0.7390772873099786,0.17099345375382735,1
0.7197631389160135,0.5176651997330435,1
0.3549436697223871,0.2717436830261877,1
0.008843599060774143,0.36326553533881367,0
0.14769078604326547,0.12666343958089188,1
0.023448676903314647,0.4618317278630436,1
0.24138611283469713,0.6791484724037353,0
0.8163901022524519,0.4850718199726901,1
0.2759105682252627,0.5463562335097364,1
0.7356451891675515,0.521106388144649,1
0.1972184384689175,0.3778176915489446,1
0.2503365059698591,0.05515055133541458,1
0.24475913784740033,0.893858858935472,0
0.09513047199090663,0.29110046262445466,1
0.4120648014242124,0.9484428194847049,1
0.702341510304276,0.010181881248580216,1
0.719753002466894,0.6983436627980159,1
0.7094448632668153,0.7832601600348372,1
0.7280966190444561,0.7282675466229083,1
0.8814752999300544,0.1765927062776148,1
0.30916107699362305,0.3355711436098019,1
0.5940200852897235,0.09781041631111298,1
0.2535182552162033,0.12706144080387183,1
0.7463140882085197,0.49023431836610754,1
0.3546328148039658,0.9455509690317196,0
0.2733016795624015,0.34439826170851007,1
0.0751265250847506,0.7387326250778573,0
0.833008895660533,0.43318897197450956,1
0.44731536813318773,0.261965278001831,1
0.03532656908792975,0.7782840755197377,0
0.7344827923808337,0.8728695303919246,1
0.6376285153933908,0.2656204035978057,1
0.7538741113906317,0.893944103212832,1
0.033460902360109235,0.04437994734119233,1
